{
    "define_rules": {
        "S": [
            [
                "L",
                "S"
            ],
            [
                "DM",
                "dr"
            ],
            [
                "u"
            ]
        ],
        "F": [
            [
                "L",
                "S"
            ],
            [
                "DM",
                "dr"
            ]
        ],
        "L": [
            [
                "u"
            ],
            [
                "DM",
                "dr"
            ]
        ],
        "DM": [
            [
                "dl",
                "F"
            ]
        ],
        "u": [
            "s"
        ],
        "dr": [
            "d"
        ],
        "dl": [
            "d"
        ]
    },
    "probabilities": {
        "S": [
            [
                0.8823715516808035
            ],
            [
                0.018815891082453372
            ],
            [
                0.08170425142290125
            ]
        ],
        "F": [
            [
                0.3482778883840905
            ],
            [
                0.6517221116159096
            ]
        ],
        "L": [
            [
                0.9255406854495019
            ],
            [
                0.07445931455049812
            ]
        ],
        "DM": [
            [
                1
            ]
        ],
        "u": {
            "s": 1
        },
        "dr": {
            "d": 1
        },
        "dl": {
            "d": 1
        }
    }
}